{
  "train.amp": false,
  "model.vit_precision": "fp32",
  "train.grad_clip_norm": 0.5909190111155205,
  "train.optimizer.name": "adam",
  "train.optimizer.lr": 2.901884600246483e-05,
  "train.optimizer.weight_decay": 0.0008705867674757299,
  "train.scheduler.name": "cosine",
  "train.scheduler.warmup_ratio": 0.03885157277972149,
  "train.optimizer.eps": 7.892727260402026e-08,
  "train.label_smoothing": 0.04218816398344042,
  "train.dropout": 0.06963628616673512,
  "train.use_class_weights": true,
  "train.loss_type": "ce",
  "train.focal_gamma": 1.886261490106914,
  "train.batch_size": 64,
  "train.grad_accum_steps": 1
}